asuntoId,diputadoId,bloqueId,voto,federal
1812,55,23,0,0101
1812,48,2,1,0102
1812,20,31,1,0103
1812,53,23,0,0201
1812,88,23,0,0202
1812,91,17,1,0203
1812,15,23,0,0301
1812,116,12,1,0302
1812,28,12,1,0303
1812,81,9,1,0401
1812,120,9,1,0402
1812,17,39,1,0403
1812,148,13,0,0501
1812,109,24,1,0502
1812,6,39,1,0503
1812,14,23,0,0601
1812,38,23,0,0602
1812,123,39,1,0603
1812,73,23,0,0701
1812,44,38,1,0702
1812,31,39,1,0703
1812,72,23,0,0801
1812,152,23,0,0802
1812,168,39,1,0803
1812,43,23,0,0901
1812,107,23,0,0902
1812,135,39,1,0903
1812,10,23,0,1001
1812,50,23,0,1002
1812,119,39,1,1003
1812,74,20,0,1101
1812,170,20,1,1102
1812,99,39,1,1103
1812,3,23,0,1201
1812,96,23,0,1202
1812,110,8,1,1203
1812,12,23,0,1301
1812,118,39,1,1302
1812,158,39,1,1303
1812,21,23,0,1401
1812,63,23,0,1402
1812,76,23,0,1403
1812,58,23,0,1501
1812,129,23,0,1502
1812,94,25,0,1503
1812,16,23,0,1601
1812,136,23,0,1602
1812,169,39,1,1603
1812,47,19,1,1701
1812,149,19,1,1702
1812,133,35,1,1703
1812,68,23,0,1801
1812,144,23,0,1802
1812,11,30,1,1803
1812,134,23,0,1901
1812,122,22,1,1902
1812,146,22,1,1903
1812,71,23,0,2001
1812,84,23,0,2002
1812,103,39,1,2003
1812,85,7,0,2101
1812,143,36,1,2102
1812,67,37,1,2103
1812,78,11,0,2201
1812,37,23,0,2202
1812,142,39,1,2203
1812,97,23,0,2301
1812,147,23,0,2302
1812,24,39,1,2303
1812,33,23,0,2401
1812,45,27,0,2402
1812,93,27,0,2403
1834,55,23,0,0101
1834,20,31,0,0102
1834,48,2,3,0103
1834,53,23,0,0201
1834,88,23,0,0202
1834,91,17,1,0203
1834,15,23,0,0301
1834,116,12,1,0302
1834,28,12,3,0303
1834,81,9,1,0401
1834,17,39,1,0402
1834,120,9,3,0403
1834,148,13,0,0501
1834,6,39,1,0502
1834,109,24,3,0503
1834,14,23,0,0601
1834,38,23,0,0602
1834,123,39,1,0603
1834,73,23,0,0701
1834,44,38,1,0702
1834,31,39,1,0703
1834,72,23,0,0801
1834,152,23,0,0802
1834,168,39,3,0803
1834,43,23,0,0901
1834,107,23,0,0902
1834,135,39,1,0903
1834,10,23,0,1001
1834,50,23,0,1002
1834,119,39,1,1003
1834,74,20,0,1101
1834,170,20,1,1102
1834,99,39,1,1103
1834,3,23,0,1201
1834,96,23,0,1202
1834,110,8,3,1203
1834,12,23,0,1301
1834,118,39,1,1302
1834,158,39,1,1303
1834,21,23,0,1401
1834,63,23,0,1402
1834,76,23,0,1403
1834,58,23,0,1501
1834,129,23,0,1502
1834,94,25,0,1503
1834,16,23,0,1601
1834,136,23,0,1602
1834,169,39,3,1603
1834,47,19,0,1701
1834,149,19,0,1702
1834,133,35,1,1703
1834,68,23,0,1801
1834,144,23,0,1802
1834,11,30,1,1803
1834,134,23,0,1901
1834,122,22,1,1902
1834,146,22,1,1903
1834,71,23,0,2001
1834,84,23,0,2002
1834,103,39,1,2003
1834,85,7,0,2101
1834,143,36,1,2102
1834,67,37,1,2103
1834,78,11,0,2201
1834,37,23,0,2202
1834,142,39,1,2203
1834,97,23,0,2301
1834,147,23,0,2302
1834,24,39,1,2303
1834,33,23,0,2401
1834,45,27,0,2402
1834,93,27,0,2403
1837,55,23,0,0101
1837,20,31,1,0102
1837,48,2,3,0103
1837,53,23,0,0201
1837,88,23,0,0202
1837,91,17,1,0203
1837,116,12,1,0301
1837,28,12,1,0302
1837,15,23,3,0303
1837,81,9,1,0401
1837,120,9,1,0402
1837,17,39,1,0403
1837,148,13,0,0501
1837,109,24,0,0502
1837,6,39,1,0503
1837,14,23,0,0601
1837,38,23,0,0602
1837,123,39,1,0603
1837,73,23,0,0701
1837,44,38,1,0702
1837,31,39,1,0703
1837,72,23,0,0801
1837,152,23,0,0802
1837,168,39,1,0803
1837,43,23,0,0901
1837,107,23,0,0902
1837,135,39,1,0903
1837,10,23,0,1001
1837,50,23,0,1002
1837,119,39,1,1003
1837,74,20,0,1101
1837,99,39,1,1102
1837,170,20,3,1103
1837,3,23,0,1201
1837,96,23,0,1202
1837,110,8,3,1203
1837,12,23,0,1301
1837,118,39,1,1302
1837,158,39,1,1303
1837,21,23,0,1401
1837,63,23,0,1402
1837,76,23,0,1403
1837,58,23,0,1501
1837,129,23,0,1502
1837,94,25,0,1503
1837,16,23,0,1601
1837,136,23,0,1602
1837,169,39,3,1603
1837,47,19,1,1701
1837,149,19,1,1702
1837,133,35,1,1703
1837,68,23,0,1801
1837,144,23,0,1802
1837,11,30,1,1803
1837,134,23,0,1901
1837,122,22,1,1902
1837,146,22,1,1903
1837,71,23,0,2001
1837,84,23,0,2002
1837,103,39,1,2003
1837,85,7,0,2101
1837,143,36,1,2102
1837,67,37,1,2103
1837,78,11,0,2201
1837,37,23,0,2202
1837,142,39,1,2203
1837,97,23,0,2301
1837,147,23,0,2302
1837,24,39,1,2303
1837,33,23,0,2401
1837,45,27,0,2402
1837,93,27,0,2403
1842,55,23,0,0101
1842,20,31,0,0102
1842,48,2,3,0103
1842,91,17,0,0201
1842,53,23,0,0202
1842,88,23,0,0203
1842,15,23,0,0301
1842,116,12,3,0302
1842,28,12,3,0303
1842,120,9,0,0401
1842,81,9,3,0402
1842,17,39,3,0403
1842,148,13,0,0501
1842,6,39,0,0502
1842,109,24,3,0503
1842,14,23,0,0601
1842,38,23,0,0602
1842,123,39,3,0603
1842,73,23,0,0701
1842,44,38,0,0702
1842,31,39,0,0703
1842,152,23,0,0801
1842,168,39,0,0802
1842,72,23,3,0803
1842,43,23,0,0901
1842,107,23,0,0902
1842,135,39,0,0903
1842,10,23,0,1001
1842,50,23,0,1002
1842,119,39,0,1003
1842,74,20,0,1101
1842,170,20,3,1102
1842,99,39,3,1103
1842,3,23,0,1201
1842,96,23,0,1202
1842,110,8,3,1203
1842,12,23,0,1301
1842,118,39,0,1302
1842,158,39,0,1303
1842,63,23,0,1401
1842,21,23,3,1402
1842,76,23,3,1403
1842,58,23,0,1501
1842,129,23,0,1502
1842,94,25,0,1503
1842,16,23,0,1601
1842,136,23,3,1602
1842,169,39,3,1603
1842,47,19,0,1701
1842,133,35,0,1702
1842,149,19,3,1703
1842,68,23,0,1801
1842,144,23,0,1802
1842,11,30,0,1803
1842,122,22,0,1901
1842,146,22,0,1902
1842,134,23,0,1903
1842,71,23,0,2001
1842,103,39,0,2002
1842,84,23,3,2003
1842,85,7,0,2101
1842,143,36,3,2102
1842,67,37,3,2103
1842,78,11,0,2201
1842,37,23,0,2202
1842,142,39,0,2203
1842,97,23,0,2301
1842,147,23,0,2302
1842,24,39,0,2303
1842,33,23,0,2401
1842,45,27,0,2402
1842,93,27,0,2403
1931,55,23,0,0101
1931,20,31,0,0102
1931,48,2,3,0103
1931,53,23,0,0201
1931,88,23,0,0202
1931,91,17,3,0203
1931,15,23,0,0301
1931,116,12,3,0302
1931,28,12,3,0303
1931,81,9,3,0401
1931,120,9,3,0402
1931,17,39,3,0403
1931,148,13,0,0501
1931,109,24,3,0502
1931,6,39,3,0503
1931,14,23,0,0601
1931,38,23,0,0602
1931,123,39,3,0603
1931,73,23,0,0701
1931,44,38,3,0702
1931,31,39,3,0703
1931,72,23,0,0801
1931,152,23,0,0802
1931,168,39,3,0803
1931,43,23,0,0901
1931,107,23,0,0902
1931,135,39,3,0903
1931,10,23,0,1001
1931,50,23,0,1002
1931,119,39,3,1003
1931,74,20,0,1101
1931,170,20,3,1102
1931,99,39,3,1103
1931,3,23,0,1201
1931,96,23,0,1202
1931,110,8,3,1203
1931,12,23,0,1301
1931,118,39,3,1302
1931,158,39,3,1303
1931,21,23,0,1401
1931,63,23,0,1402
1931,76,23,0,1403
1931,58,23,0,1501
1931,129,23,0,1502
1931,94,25,0,1503
1931,16,23,0,1601
1931,136,23,0,1602
1931,161,39,3,1603
1931,47,19,3,1701
1931,149,19,3,1702
1931,133,35,1,1703
1931,68,23,0,1801
1931,144,23,0,1802
1931,11,30,3,1803
1931,134,23,0,1901
1931,122,22,3,1902
1931,146,22,3,1903
1931,71,23,0,2001
1931,84,23,3,2002
1931,103,39,3,2003
1931,85,7,0,2101
1931,143,36,3,2102
1931,67,37,3,2103
1931,78,11,0,2201
1931,37,23,0,2202
1931,142,39,3,2203
1931,97,23,0,2301
1931,147,23,0,2302
1931,24,39,3,2303
1931,33,23,0,2401
1931,45,27,0,2402
1931,93,27,0,2403
1971,114,50,1,0101
1971,157,50,1,0102
1971,160,51,1,0103
1971,53,23,0,0201
1971,88,23,0,0202
1971,91,17,1,0203
1971,15,23,0,0301
1971,116,12,1,0302
1971,28,12,1,0303
1971,81,9,1,0401
1971,120,9,1,0402
1971,17,39,1,0403
1971,148,13,0,0501
1971,6,39,1,0502
1971,109,24,3,0503
1971,2,23,0,0601
1971,137,23,0,0602
1971,151,39,1,0603
1971,73,23,0,0701
1971,44,38,1,0702
1971,31,39,1,0703
1971,72,23,0,0801
1971,83,23,0,0802
1971,42,50,1,0803
1971,43,23,0,0901
1971,107,23,0,0902
1971,135,39,1,0903
1971,10,23,0,1001
1971,50,23,0,1002
1971,119,39,1,1003
1971,74,20,0,1101
1971,99,39,1,1102
1971,170,20,3,1103
1971,3,23,0,1201
1971,96,23,0,1202
1971,110,8,3,1203
1971,12,23,0,1301
1971,118,39,3,1302
1971,158,39,3,1303
1971,21,23,0,1401
1971,63,23,0,1402
1971,76,23,0,1403
1971,58,23,0,1501
1971,39,25,0,1502
1971,132,25,1,1503
1971,61,23,0,1601
1971,136,23,0,1602
1971,125,48,3,1603
1971,56,23,0,1701
1971,167,23,0,1702
1971,149,19,3,1703
1971,68,23,0,1801
1971,144,23,0,1802
1971,11,30,1,1803
1971,122,22,0,1901
1971,146,22,0,1902
1971,134,23,0,1903
1971,71,23,0,2001
1971,84,23,0,2002
1971,103,39,1,2003
1971,67,37,1,2101
1971,85,7,3,2102
1971,143,36,3,2103
1971,78,11,0,2201
1971,175,11,0,2202
1971,117,47,3,2203
1971,97,23,0,2301
1971,147,23,0,2302
1971,46,39,1,2303
1971,13,23,0,2401
1971,30,23,0,2402
1971,62,49,1,2403
1989,114,50,1,0101
1989,157,50,3,0102
1989,160,51,3,0103
1989,53,23,0,0201
1989,88,23,0,0202
1989,91,17,1,0203
1989,15,23,0,0301
1989,116,12,1,0302
1989,28,12,1,0303
1989,81,9,1,0401
1989,120,9,1,0402
1989,17,39,1,0403
1989,148,13,0,0501
1989,6,39,1,0502
1989,109,24,3,0503
1989,2,23,0,0601
1989,137,23,0,0602
1989,151,39,1,0603
1989,73,23,0,0701
1989,44,38,1,0702
1989,31,39,3,0703
1989,72,23,0,0801
1989,83,23,0,0802
1989,42,50,1,0803
1989,43,23,0,0901
1989,107,23,0,0902
1989,135,39,1,0903
1989,10,23,0,1001
1989,50,23,0,1002
1989,119,39,1,1003
1989,74,20,0,1101
1989,170,20,1,1102
1989,99,39,3,1103
1989,3,23,0,1201
1989,96,23,0,1202
1989,110,8,3,1203
1989,12,23,0,1301
1989,118,39,1,1302
1989,158,39,1,1303
1989,21,23,0,1401
1989,63,23,0,1402
1989,76,23,0,1403
1989,58,23,0,1501
1989,39,25,1,1502
1989,132,25,1,1503
1989,61,23,0,1601
1989,136,23,0,1602
1989,125,48,1,1603
1989,56,23,0,1701
1989,167,23,0,1702
1989,149,19,1,1703
1989,68,23,0,1801
1989,144,23,0,1802
1989,11,30,1,1803
1989,134,23,0,1901
1989,122,22,1,1902
1989,146,22,3,1903
1989,71,23,0,2001
1989,84,23,0,2002
1989,103,39,1,2003
1989,85,7,0,2101
1989,143,36,1,2102
1989,67,37,1,2103
1989,78,11,0,2201
1989,175,11,0,2202
1989,117,47,0,2203
1989,97,23,0,2301
1989,147,23,0,2302
1989,46,39,1,2303
1989,13,23,0,2401
1989,30,23,0,2402
1989,62,49,1,2403
1990,114,50,1,0101
1990,157,50,3,0102
1990,160,51,2,0103
1990,53,23,0,0201
1990,88,23,0,0202
1990,91,17,1,0203
1990,15,23,0,0301
1990,116,12,1,0302
1990,28,12,1,0303
1990,81,9,1,0401
1990,120,9,1,0402
1990,17,39,1,0403
1990,148,13,0,0501
1990,6,39,1,0502
1990,109,24,3,0503
1990,2,23,0,0601
1990,137,23,0,0602
1990,151,39,1,0603
1990,73,23,0,0701
1990,44,38,1,0702
1990,31,39,1,0703
1990,72,23,0,0801
1990,83,23,0,0802
1990,42,50,1,0803
1990,43,23,0,0901
1990,107,23,0,0902
1990,135,39,1,0903
1990,10,23,0,1001
1990,50,23,0,1002
1990,119,39,1,1003
1990,74,20,0,1101
1990,170,20,1,1102
1990,99,39,1,1103
1990,3,23,0,1201
1990,96,23,0,1202
1990,110,8,3,1203
1990,12,23,0,1301
1990,118,39,1,1302
1990,158,39,1,1303
1990,21,23,0,1401
1990,63,23,0,1402
1990,76,23,0,1403
1990,58,23,0,1501
1990,39,25,0,1502
1990,132,25,1,1503
1990,61,23,0,1601
1990,136,23,0,1602
1990,125,48,2,1603
1990,56,23,0,1701
1990,167,23,0,1702
1990,149,19,1,1703
1990,68,23,0,1801
1990,144,23,0,1802
1990,11,30,1,1803
1990,134,23,0,1901
1990,122,22,1,1902
1990,146,22,3,1903
1990,71,23,0,2001
1990,84,23,0,2002
1990,103,39,1,2003
1990,85,7,0,2101
1990,143,36,1,2102
1990,67,37,1,2103
1990,78,11,0,2201
1990,175,11,0,2202
1990,117,47,0,2203
1990,97,23,0,2301
1990,147,23,0,2302
1990,46,39,1,2303
1990,13,23,0,2401
1990,30,23,0,2402
1990,62,49,1,2403
2000,114,50,1,0101
2000,157,50,1,0102
2000,160,51,1,0103
2000,53,23,0,0201
2000,88,23,0,0202
2000,91,17,1,0203
2000,15,23,0,0301
2000,116,12,1,0302
2000,28,12,2,0303
2000,81,9,1,0401
2000,120,9,1,0402
2000,17,39,1,0403
2000,148,13,0,0501
2000,6,39,1,0502
2000,109,24,3,0503
2000,2,23,0,0601
2000,137,23,0,0602
2000,151,39,1,0603
2000,73,23,0,0701
2000,44,38,1,0702
2000,31,39,1,0703
2000,72,23,0,0801
2000,83,23,0,0802
2000,42,50,1,0803
2000,43,23,0,0901
2000,107,23,0,0902
2000,135,39,1,0903
2000,10,23,0,1001
2000,50,23,0,1002
2000,119,39,1,1003
2000,74,20,0,1101
2000,170,20,1,1102
2000,99,39,1,1103
2000,3,23,0,1201
2000,96,23,0,1202
2000,110,8,3,1203
2000,12,23,0,1301
2000,118,39,1,1302
2000,158,39,1,1303
2000,21,23,0,1401
2000,63,23,0,1402
2000,76,23,0,1403
2000,58,23,0,1501
2000,132,25,1,1502
2000,39,25,2,1503
2000,61,23,0,1601
2000,136,23,0,1602
2000,125,48,1,1603
2000,56,23,0,1701
2000,167,23,0,1702
2000,149,19,1,1703
2000,68,23,0,1801
2000,144,23,0,1802
2000,11,30,1,1803
2000,134,23,0,1901
2000,122,22,1,1902
2000,146,22,3,1903
2000,71,23,0,2001
2000,84,23,0,2002
2000,103,39,1,2003
2000,85,7,0,2101
2000,143,36,1,2102
2000,67,37,3,2103
2000,78,11,0,2201
2000,175,11,0,2202
2000,117,47,0,2203
2000,97,23,0,2301
2000,147,23,0,2302
2000,46,39,1,2303
2000,13,23,0,2401
2000,30,23,0,2402
2000,62,49,1,2403
2039,114,50,1,0101
2039,157,50,1,0102
2039,160,51,3,0103
2039,53,23,0,0201
2039,88,23,0,0202
2039,91,17,1,0203
2039,15,23,0,0301
2039,116,12,1,0302
2039,28,12,1,0303
2039,81,9,1,0401
2039,120,9,1,0402
2039,17,39,1,0403
2039,148,13,0,0501
2039,6,39,1,0502
2039,109,24,3,0503
2039,2,23,0,0601
2039,137,23,0,0602
2039,151,39,1,0603
2039,44,38,1,0701
2039,31,39,1,0702
2039,73,23,3,0703
2039,72,23,0,0801
2039,83,23,0,0802
2039,42,50,1,0803
2039,43,23,0,0901
2039,107,23,0,0902
2039,135,39,1,0903
2039,10,23,0,1001
2039,50,23,0,1002
2039,119,39,1,1003
2039,74,20,0,1101
2039,170,20,1,1102
2039,99,39,1,1103
2039,3,23,0,1201
2039,96,23,0,1202
2039,110,8,3,1203
2039,12,23,0,1301
2039,118,39,1,1302
2039,158,39,1,1303
2039,63,23,0,1401
2039,76,23,0,1402
2039,21,23,3,1403
2039,58,23,0,1501
2039,39,25,0,1502
2039,132,25,1,1503
2039,61,23,0,1601
2039,136,23,0,1602
2039,125,48,1,1603
2039,56,23,0,1701
2039,167,23,0,1702
2039,149,19,3,1703
2039,68,23,0,1801
2039,144,23,0,1802
2039,11,30,1,1803
2039,134,23,0,1901
2039,122,22,1,1902
2039,146,22,3,1903
2039,71,23,0,2001
2039,84,23,0,2002
2039,103,39,1,2003
2039,85,7,0,2101
2039,67,37,1,2102
2039,143,36,3,2103
2039,78,11,0,2201
2039,175,11,0,2202
2039,117,47,0,2203
2039,97,23,0,2301
2039,147,23,0,2302
2039,46,39,1,2303
2039,13,23,0,2401
2039,30,23,0,2402
2039,62,49,1,2403
2040,114,50,1,0101
2040,157,50,1,0102
2040,160,51,3,0103
2040,53,23,0,0201
2040,88,23,0,0202
2040,91,17,1,0203
2040,15,23,0,0301
2040,116,12,1,0302
2040,28,12,1,0303
2040,81,9,1,0401
2040,120,9,1,0402
2040,17,39,1,0403
2040,6,39,1,0501
2040,148,13,3,0502
2040,109,24,3,0503
2040,2,23,0,0601
2040,137,23,0,0602
2040,151,39,1,0603
2040,44,38,1,0701
2040,31,39,1,0702
2040,73,23,3,0703
2040,72,23,0,0801
2040,83,23,0,0802
2040,42,50,1,0803
2040,43,23,0,0901
2040,107,23,0,0902
2040,135,39,1,0903
2040,10,23,0,1001
2040,50,23,0,1002
2040,119,39,1,1003
2040,74,20,0,1101
2040,170,20,1,1102
2040,99,39,1,1103
2040,3,23,0,1201
2040,96,23,0,1202
2040,110,8,3,1203
2040,12,23,0,1301
2040,118,39,1,1302
2040,158,39,1,1303
2040,63,23,0,1401
2040,76,23,0,1402
2040,21,23,3,1403
2040,58,23,0,1501
2040,39,25,0,1502
2040,132,25,1,1503
2040,61,23,0,1601
2040,136,23,0,1602
2040,125,48,1,1603
2040,56,23,0,1701
2040,167,23,0,1702
2040,149,19,3,1703
2040,68,23,0,1801
2040,144,23,0,1802
2040,11,30,1,1803
2040,134,23,0,1901
2040,122,22,1,1902
2040,146,22,3,1903
2040,71,23,0,2001
2040,84,23,0,2002
2040,103,39,1,2003
2040,85,7,0,2101
2040,67,37,1,2102
2040,143,36,3,2103
2040,78,11,0,2201
2040,175,11,0,2202
2040,117,47,0,2203
2040,97,23,0,2301
2040,147,23,0,2302
2040,46,39,1,2303
2040,13,23,0,2401
2040,30,23,0,2402
2040,62,49,1,2403
2046,160,51,3,0101
2046,114,50,1,0102
2046,157,50,1,0103
2046,177,23,0,0201
2046,88,23,0,0202
2046,91,17,1,0203
2046,15,23,0,0301
2046,116,12,3,0302
2046,28,12,3,0303
2046,120,9,3,0401
2046,17,39,3,0402
2046,81,9,1,0403
2046,148,13,0,0501
2046,109,24,3,0502
2046,6,39,3,0503
2046,2,23,0,0601
2046,137,23,0,0602
2046,151,39,1,0603
2046,73,23,3,0701
2046,44,38,3,0702
2046,31,39,1,0703
2046,72,23,0,0801
2046,83,23,0,0802
2046,42,50,1,0803
2046,43,23,0,0901
2046,107,23,0,0902
2046,135,39,3,0903
2046,10,23,0,1001
2046,50,23,0,1002
2046,119,39,3,1003
2046,74,20,0,1101
2046,170,20,3,1102
2046,99,39,1,1103
2046,3,23,0,1201
2046,96,23,0,1202
2046,110,8,3,1203
2046,12,23,0,1301
2046,118,39,3,1302
2046,158,39,3,1303
2046,21,23,0,1401
2046,63,23,0,1402
2046,76,23,0,1403
2046,58,23,0,1501
2046,39,25,0,1502
2046,132,25,1,1503
2046,61,23,0,1601
2046,136,23,0,1602
2046,125,48,3,1603
2046,56,23,0,1701
2046,167,23,0,1702
2046,149,19,3,1703
2046,68,23,0,1801
2046,144,23,0,1802
2046,11,30,1,1803
2046,134,23,0,1901
2046,146,22,3,1902
2046,122,22,1,1903
2046,71,23,0,2001
2046,84,23,0,2002
2046,103,39,3,2003
2046,85,7,3,2101
2046,67,37,3,2102
2046,143,36,1,2103
2046,78,11,0,2201
2046,175,11,0,2202
2046,117,47,0,2203
2046,97,23,0,2301
2046,147,23,0,2302
2046,46,39,3,2303
2046,13,23,0,2401
2046,30,23,0,2402
2046,62,49,3,2403
2049,114,50,3,0101
2049,157,50,3,0102
2049,160,51,3,0103
2049,177,23,0,0201
2049,88,23,0,0202
2049,91,17,3,0203
2049,15,23,0,0301
2049,116,12,3,0302
2049,28,12,3,0303
2049,81,9,3,0401
2049,120,9,3,0402
2049,17,39,3,0403
2049,148,13,0,0501
2049,109,24,3,0502
2049,6,39,3,0503
2049,2,23,0,0601
2049,137,23,0,0602
2049,151,39,3,0603
2049,73,23,0,0701
2049,31,39,3,0702
2049,44,38,1,0703
2049,72,23,0,0801
2049,83,23,0,0802
2049,42,50,3,0803
2049,43,23,0,0901
2049,107,23,0,0902
2049,135,39,3,0903
2049,10,23,0,1001
2049,50,23,0,1002
2049,119,39,3,1003
2049,74,20,0,1101
2049,170,20,3,1102
2049,99,39,3,1103
2049,3,23,0,1201
2049,96,23,0,1202
2049,110,8,3,1203
2049,12,23,0,1301
2049,118,39,3,1302
2049,158,39,3,1303
2049,21,23,0,1401
2049,63,23,0,1402
2049,76,23,0,1403
2049,58,23,0,1501
2049,39,25,0,1502
2049,132,25,1,1503
2049,61,23,0,1601
2049,136,23,0,1602
2049,125,48,3,1603
2049,167,23,0,1701
2049,56,23,3,1702
2049,149,19,1,1703
2049,68,23,0,1801
2049,144,23,0,1802
2049,11,30,1,1803
2049,134,23,0,1901
2049,122,22,1,1902
2049,146,22,1,1903
2049,71,23,0,2001
2049,84,23,0,2002
2049,103,39,3,2003
2049,85,7,0,2101
2049,67,37,3,2102
2049,143,36,1,2103
2049,78,11,0,2201
2049,175,11,0,2202
2049,117,47,0,2203
2049,97,23,0,2301
2049,147,23,0,2302
2049,46,39,3,2303
2049,13,23,0,2401
2049,30,23,0,2402
2049,62,49,3,2403
2055,114,50,3,0101
2055,157,50,3,0102
2055,160,51,1,0103
2055,177,23,0,0201
2055,88,23,0,0202
2055,91,17,3,0203
2055,116,12,0,0301
2055,15,23,0,0302
2055,28,12,0,0303
2055,81,9,0,0401
2055,17,39,3,0402
2055,120,9,1,0403
2055,148,13,0,0501
2055,6,39,0,0502
2055,109,24,3,0503
2055,2,23,0,0601
2055,137,23,0,0602
2055,151,39,0,0603
2055,44,38,0,0701
2055,73,23,3,0702
2055,31,39,3,0703
2055,72,23,0,0801
2055,83,23,0,0802
2055,42,50,0,0803
2055,43,23,0,0901
2055,107,23,0,0902
2055,135,39,0,0903
2055,10,23,0,1001
2055,50,23,0,1002
2055,119,39,0,1003
2055,74,20,0,1101
2055,170,20,0,1102
2055,99,39,3,1103
2055,3,23,0,1201
2055,96,23,0,1202
2055,110,8,3,1203
2055,12,23,0,1301
2055,118,39,3,1302
2055,158,39,3,1303
2055,21,23,0,1401
2055,63,23,0,1402
2055,76,23,0,1403
2055,58,23,0,1501
2055,39,25,0,1502
2055,132,25,0,1503
2055,125,48,0,1601
2055,61,23,0,1602
2055,136,23,0,1603
2055,56,23,0,1701
2055,167,23,0,1702
2055,149,19,3,1703
2055,68,23,0,1801
2055,144,23,0,1802
2055,11,30,0,1803
2055,122,22,0,1901
2055,134,23,0,1902
2055,146,22,3,1903
2055,71,23,0,2001
2055,84,23,0,2002
2055,103,39,0,2003
2055,143,36,0,2101
2055,85,7,3,2102
2055,67,37,3,2103
2055,78,11,0,2201
2055,117,47,0,2202
2055,175,11,3,2203
2055,97,23,0,2301
2055,147,23,0,2302
2055,46,39,0,2303
2055,13,23,0,2401
2055,30,23,0,2402
2055,62,49,3,2403
2079,114,50,0,0101
2079,157,50,0,0102
2079,160,51,0,0103
2079,91,17,0,0201
2079,177,23,0,0202
2079,88,23,0,0203
2079,116,12,0,0301
2079,15,23,0,0302
2079,28,12,3,0303
2079,81,9,0,0401
2079,17,39,0,0402
2079,120,9,2,0403
2079,148,13,0,0501
2079,109,24,3,0502
2079,6,39,3,0503
2079,2,23,0,0601
2079,137,23,0,0602
2079,151,39,0,0603
2079,73,23,0,0701
2079,31,39,0,0702
2079,44,38,3,0703
2079,72,23,0,0801
2079,83,23,0,0802
2079,42,50,0,0803
2079,43,23,0,0901
2079,107,23,0,0902
2079,135,39,0,0903
2079,10,23,0,1001
2079,50,23,0,1002
2079,119,39,0,1003
2079,74,20,0,1101
2079,170,20,0,1102
2079,99,39,0,1103
2079,3,23,0,1201
2079,96,23,0,1202
2079,110,8,3,1203
2079,12,23,0,1301
2079,118,39,0,1302
2079,158,39,3,1303
2079,21,23,0,1401
2079,63,23,0,1402
2079,76,23,0,1403
2079,58,23,0,1501
2079,39,25,0,1502
2079,132,25,3,1503
2079,125,48,0,1601
2079,61,23,0,1602
2079,136,23,0,1603
2079,56,23,0,1701
2079,167,23,0,1702
2079,149,19,3,1703
2079,68,23,0,1801
2079,144,23,0,1802
2079,11,30,0,1803
2079,122,22,0,1901
2079,146,22,0,1902
2079,134,23,0,1903
2079,71,23,0,2001
2079,84,23,0,2002
2079,103,39,0,2003
2079,85,7,0,2101
2079,143,36,0,2102
2079,67,37,3,2103
2079,78,11,0,2201
2079,175,11,0,2202
2079,117,47,0,2203
2079,147,23,0,2301
2079,46,39,0,2302
2079,97,23,3,2303
2079,13,23,0,2401
2079,30,23,0,2402
2079,62,49,0,2403
2086,114,50,0,0101
2086,157,50,3,0102
2086,160,51,3,0103
2086,91,17,0,0201
2086,177,23,0,0202
2086,88,23,0,0203
2086,116,12,0,0301
2086,15,23,0,0302
2086,28,12,3,0303
2086,17,39,0,0401
2086,81,9,3,0402
2086,120,9,3,0403
2086,148,13,0,0501
2086,109,24,3,0502
2086,6,39,3,0503
2086,2,23,0,0601
2086,137,23,0,0602
2086,151,39,3,0603
2086,31,39,0,0701
2086,73,23,3,0702
2086,44,38,3,0703
2086,72,23,0,0801
2086,83,23,0,0802
2086,42,50,0,0803
2086,43,23,0,0901
2086,107,23,0,0902
2086,135,39,0,0903
2086,10,23,0,1001
2086,50,23,0,1002
2086,119,39,0,1003
2086,74,20,0,1101
2086,170,20,3,1102
2086,99,39,3,1103
2086,3,23,0,1201
2086,96,23,0,1202
2086,110,8,3,1203
2086,12,23,0,1301
2086,118,39,0,1302
2086,158,39,3,1303
2086,21,23,0,1401
2086,63,23,0,1402
2086,76,23,0,1403
2086,58,23,0,1501
2086,39,25,0,1502
2086,132,25,3,1503
2086,61,23,0,1601
2086,136,23,0,1602
2086,125,48,3,1603
2086,56,23,0,1701
2086,167,23,0,1702
2086,149,19,3,1703
2086,68,23,0,1801
2086,144,23,0,1802
2086,11,30,0,1803
2086,122,22,0,1901
2086,146,22,0,1902
2086,134,23,0,1903
2086,71,23,0,2001
2086,84,23,0,2002
2086,103,39,0,2003
2086,85,7,0,2101
2086,143,36,3,2102
2086,67,37,3,2103
2086,78,11,0,2201
2086,175,11,0,2202
2086,117,47,0,2203
2086,147,23,0,2301
2086,46,39,0,2302
2086,97,23,3,2303
2086,13,23,0,2401
2086,30,23,0,2402
2086,62,49,0,2403
2115,114,50,1,0101
2115,157,50,1,0102
2115,160,51,3,0103
2115,177,23,0,0201
2115,88,23,0,0202
2115,91,17,1,0203
2115,15,23,0,0301
2115,116,12,1,0302
2115,28,12,1,0303
2115,81,9,1,0401
2115,120,9,1,0402
2115,17,39,1,0403
2115,148,13,0,0501
2115,6,39,1,0502
2115,109,24,3,0503
2115,2,23,0,0601
2115,137,23,0,0602
2115,151,39,1,0603
2115,73,23,0,0701
2115,44,38,1,0702
2115,31,39,1,0703
2115,72,23,0,0801
2115,83,23,0,0802
2115,42,50,3,0803
2115,43,23,0,0901
2115,107,23,0,0902
2115,135,39,1,0903
2115,10,23,0,1001
2115,50,23,0,1002
2115,119,39,1,1003
2115,74,20,0,1101
2115,170,20,1,1102
2115,99,39,1,1103
2115,3,23,0,1201
2115,96,23,0,1202
2115,110,8,3,1203
2115,12,23,0,1301
2115,118,39,1,1302
2115,158,39,1,1303
2115,21,23,0,1401
2115,63,23,0,1402
2115,76,23,0,1403
2115,58,23,0,1501
2115,39,25,1,1502
2115,132,25,1,1503
2115,61,23,0,1601
2115,136,23,0,1602
2115,125,48,1,1603
2115,56,23,0,1701
2115,167,23,0,1702
2115,149,19,1,1703
2115,68,23,0,1801
2115,144,23,0,1802
2115,11,30,3,1803
2115,134,23,0,1901
2115,122,22,1,1902
2115,146,22,1,1903
2115,71,23,0,2001
2115,84,23,0,2002
2115,103,39,1,2003
2115,85,7,0,2101
2115,143,36,1,2102
2115,67,37,1,2103
2115,78,11,0,2201
2115,175,11,0,2202
2115,117,47,0,2203
2115,97,23,0,2301
2115,147,23,0,2302
2115,46,39,1,2303
2115,13,23,0,2401
2115,30,23,0,2402
2115,178,49,1,2403
2130,2,23,1,0602
2130,3,23,1,1202
2130,10,23,0,1001
2130,11,30,0,1801
2130,15,23,0,0301
2130,21,23,0,1401
2130,28,12,0,0302
2130,30,23,0,2402
2130,39,25,0,1501
2130,42,52,0,0801
2130,43,23,0,0901
2130,46,39,0,2302
2130,50,23,0,1002
2130,56,53,0,1701
2130,58,23,1,1503
2130,61,23,1,1602
2130,63,23,0,1402
2130,68,23,1,1803
2130,72,23,0,0802
2130,76,23,0,1403
2130,78,11,0,2201
2130,83,23,0,0803
2130,84,23,1,2003
2130,88,23,0,0201
2130,91,17,0,0202
2130,96,23,1,1203
2130,99,39,0,1103
2130,103,39,0,2001
2130,107,23,0,0902
2130,110,8,0,1201
2130,117,47,0,2202
2130,122,22,0,1901
2130,125,48,3,1603
2130,132,25,0,1502
2130,134,23,1,1903
2130,135,39,0,0903
2130,136,23,0,1601
2130,137,23,1,0603
2130,143,36,0,2102
2130,144,23,0,1802
2130,146,22,0,1902
2130,149,19,0,1702
2130,151,39,0,0601
2130,160,51,3,0103
2130,167,23,0,1703
2130,175,11,0,2203
2130,177,23,1,0203
2130,178,49,0,2401
2130,179,52,0,0501
2130,180,52,0,0402
2130,181,52,0,0101
2130,182,52,0,0403
2130,183,52,0,0102
2130,184,39,0,1301
2130,185,39,0,1003
2130,186,39,0,1302
2130,187,23,0,2301
2130,188,23,0,0502
2130,189,23,0,2303
2130,190,23,0,2403
2130,191,23,0,2101
2130,192,20,0,1101
2130,193,20,0,1102
2130,194,54,0,0401
2130,195,23,1,0503
2130,196,23,1,1303
2130,197,23,1,2002
2130,198,23,1,0702
2130,199,23,1,2103
2130,200,55,0,0701
2130,201,23,1,0703
2130,202,23,0,0303
2133,177,23,0,0203
2133,2,23,0,0602
2133,3,23,0,1202
2133,195,23,0,0503
2133,187,23,0,2301
2133,10,23,0,1001
2133,11,30,1,1801
2133,15,23,0,0301
2133,178,49,0,2401
2133,179,52,1,0501
2133,21,23,0,1401
2133,194,54,3,0401
2133,28,12,1,0302
2133,30,23,0,2402
2133,184,39,1,1301
2133,39,25,3,1501
2133,42,52,1,0801
2133,43,23,0,0901
2133,192,20,0,1101
2133,46,39,1,2302
2133,188,23,0,0502
2133,50,23,0,1002
2133,196,23,0,1303
2133,56,53,3,1701
2133,58,23,0,1503
2133,61,23,0,1602
2133,197,23,0,2002
2133,185,39,1,1003
2133,63,23,0,1402
2133,68,23,0,1803
2133,198,23,0,0702
2133,72,23,0,0802
2133,76,23,0,1403
2133,78,11,0,2201
2133,83,23,0,0803
2133,84,23,0,2003
2133,88,23,0,0201
2133,91,17,0,0202
2133,193,20,0,1102
2133,200,55,0,0701
2133,96,23,0,1203
2133,99,39,3,1103
2133,103,39,3,2001
2133,180,52,1,0402
2133,107,23,0,0902
2133,110,8,3,1201
2133,202,23,3,0303
2133,189,23,0,2303
2133,117,47,0,2202
2133,122,22,0,1901
2133,125,48,0,1603
2133,190,23,0,2403
2133,201,23,0,0703
2133,132,25,0,1502
2133,191,23,3,2101
2133,134,23,0,1903
2133,135,39,1,0903
2133,136,23,0,1601
2133,137,23,0,0603
2133,181,52,1,0101
2133,143,36,1,2102
2133,144,23,0,1802
2133,182,52,1,0403
2133,146,22,0,1902
2133,149,19,1,1702
2133,151,39,1,0601
2133,199,23,0,2103
2133,160,51,0,0103
2133,167,23,0,1703
2133,183,52,1,0102
2133,186,39,1,1302
2133,175,11,0,2203
2152,177,23,0,0203
2152,2,23,0,0602
2152,3,23,0,1202
2152,195,23,1,0503
2152,187,23,0,2301
2152,10,23,0,1001
2152,11,30,0,1801
2152,15,23,0,0301
2152,178,49,0,2401
2152,179,52,0,0501
2152,21,23,0,1401
2152,194,54,0,0401
2152,28,12,0,0302
2152,30,23,0,2402
2152,184,39,0,1301
2152,39,25,1,1501
2152,42,52,0,0801
2152,43,23,0,0901
2152,192,20,0,1101
2152,46,39,0,2302
2152,188,23,0,0502
2152,50,23,0,1002
2152,196,23,1,1303
2152,56,53,0,1701
2152,58,23,1,1503
2152,61,23,3,1602
2152,197,23,1,2002
2152,185,39,0,1003
2152,63,56,1,1402
2152,68,23,1,1803
2152,198,23,1,0702
2152,72,23,0,0802
2152,76,23,0,1403
2152,78,11,0,2201
2152,83,23,0,0803
2152,84,23,1,2003
2152,88,23,3,0201
2152,91,17,0,0202
2152,193,20,0,1102
2152,200,55,0,0701
2152,96,23,0,1203
2152,99,39,0,1103
2152,103,39,0,2001
2152,180,52,0,0402
2152,107,23,0,0902
2152,110,8,3,1201
2152,202,23,0,0303
2152,189,23,0,2303
2152,117,47,0,2202
2152,122,22,0,1901
2152,125,48,0,1603
2152,190,23,0,2403
2152,201,23,0,0703
2152,132,25,0,1502
2152,191,23,0,2101
2152,134,23,0,1903
2152,135,39,0,0903
2152,136,23,0,1601
2152,137,23,1,0603
2152,181,52,0,0101
2152,143,36,0,2102
2152,144,23,0,1802
2152,182,52,0,0403
2152,146,22,0,1902
2152,149,19,3,1702
2152,151,39,0,0601
2152,199,23,1,2103
2152,160,51,2,0103
2152,167,23,0,1703
2152,183,52,0,0102
2152,186,39,0,1302
2152,175,11,0,2203
2175,177,23,0,0203
2175,2,23,3,0602
2175,3,23,0,1202
2175,195,23,0,0503
2175,187,23,0,2301
2175,10,23,0,1001
2175,11,30,0,1801
2175,15,23,3,0301
2175,178,49,0,2401
2175,179,52,0,0501
2175,21,23,3,1401
2175,194,54,0,0401
2175,28,12,0,0302
2175,30,23,0,2402
2175,184,39,0,1301
2175,39,25,0,1501
2175,42,52,0,0801
2175,43,23,0,0901
2175,192,20,0,1101
2175,46,39,0,2302
2175,188,23,0,0502
2175,50,23,0,1002
2175,196,23,0,1303
2175,56,53,3,1701
2175,58,23,3,1503
2175,61,23,3,1602
2175,197,23,0,2002
2175,185,39,0,1003
2175,63,56,3,1402
2175,68,23,0,1803
2175,198,23,0,0702
2175,72,23,3,0802
2175,76,23,0,1403
2175,78,11,0,2201
2175,83,23,3,0803
2175,84,23,0,2003
2175,88,23,0,0201
2175,91,17,3,0202
2175,193,20,0,1102
2175,200,55,0,0701
2175,96,23,0,1203
2175,99,39,3,1103
2175,103,39,0,2001
2175,180,52,0,0402
2175,107,23,0,0902
2175,110,8,3,1201
2175,202,23,0,0303
2175,189,23,3,2303
2175,117,47,3,2202
2175,122,22,0,1901
2175,125,48,0,1603
2175,190,23,0,2403
2175,201,23,0,0703
2175,132,25,0,1502
2175,191,23,0,2101
2175,134,23,0,1903
2175,135,39,0,0903
2175,136,23,0,1601
2175,137,23,0,0603
2175,181,52,3,0101
2175,143,36,0,2102
2175,144,23,0,1802
2175,182,52,3,0403
2175,146,22,3,1902
2175,149,19,3,1702
2175,151,39,0,0601
2175,199,23,0,2103
2175,160,51,0,0103
2175,167,23,0,1703
2175,183,52,0,0102
2175,186,39,0,1302
2175,175,11,0,2203
2176,177,23,0,0203
2176,2,23,3,0602
2176,3,23,0,1202
2176,195,23,0,0503
2176,187,23,0,2301
2176,10,23,0,1001
2176,11,30,0,1801
2176,15,23,3,0301
2176,178,49,0,2401
2176,179,52,0,0501
2176,21,23,3,1401
2176,194,54,0,0401
2176,28,12,3,0302
2176,30,23,0,2402
2176,184,39,0,1301
2176,39,25,0,1501
2176,42,52,0,0801
2176,43,23,0,0901
2176,192,20,0,1101
2176,46,39,0,2302
2176,188,23,0,0502
2176,50,23,0,1002
2176,196,23,0,1303
2176,56,53,3,1701
2176,58,23,3,1503
2176,61,23,3,1602
2176,197,23,3,2002
2176,185,39,0,1003
2176,63,56,3,1402
2176,68,23,0,1803
2176,198,23,0,0702
2176,72,23,3,0802
2176,76,23,3,1403
2176,78,11,0,2201
2176,83,23,3,0803
2176,84,23,3,2003
2176,88,23,0,0201
2176,91,17,3,0202
2176,193,20,0,1102
2176,200,55,0,0701
2176,96,23,0,1203
2176,99,39,3,1103
2176,103,39,0,2001
2176,180,52,0,0402
2176,107,23,3,0902
2176,110,8,3,1201
2176,202,23,0,0303
2176,189,23,3,2303
2176,117,47,3,2202
2176,122,22,0,1901
2176,125,48,0,1603
2176,190,23,0,2403
2176,201,23,0,0703
2176,132,25,0,1502
2176,191,23,0,2101
2176,134,23,3,1903
2176,135,39,0,0903
2176,136,23,0,1601
2176,137,23,0,0603
2176,181,52,3,0101
2176,143,36,0,2102
2176,144,23,0,1802
2176,182,52,3,0403
2176,146,22,3,1902
2176,149,19,3,1702
2176,151,39,0,0601
2176,199,23,0,2103
2176,160,51,0,0103
2176,167,23,0,1703
2176,183,52,0,0102
2176,186,39,0,1302
2176,175,11,3,2203
2196,177,23,0,0203
2196,2,23,0,0602
2196,3,23,2,1202
2196,195,23,1,0503
2196,187,23,0,2301
2196,10,23,0,1001
2196,11,30,0,1801
2196,15,23,0,0301
2196,178,49,0,2401
2196,179,52,0,0501
2196,21,23,0,1401
2196,194,54,0,0401
2196,28,12,0,0302
2196,30,23,0,2402
2196,184,39,0,1301
2196,39,25,0,1501
2196,42,52,0,0801
2196,43,23,0,0901
2196,192,20,0,1101
2196,46,39,0,2302
2196,188,23,0,0502
2196,50,23,0,1002
2196,196,23,2,1303
2196,56,53,0,1701
2196,58,23,1,1503
2196,61,23,0,1602
2196,197,23,2,2002
2196,185,39,0,1003
2196,63,56,0,1402
2196,68,23,2,1803
2196,198,23,0,0702
2196,72,23,0,0802
2196,76,23,0,1403
2196,78,11,0,2201
2196,83,23,0,0803
2196,84,23,0,2003
2196,88,23,3,0201
2196,91,17,0,0202
2196,193,20,0,1102
2196,200,55,0,0701
2196,96,23,0,1203
2196,99,39,0,1103
2196,103,39,0,2001
2196,180,52,3,0402
2196,107,23,0,0902
2196,110,8,3,1201
2196,202,23,0,0303
2196,189,23,0,2303
2196,117,47,0,2202
2196,122,22,0,1901
2196,125,48,3,1603
2196,190,23,3,2403
2196,201,23,0,0703
2196,132,25,3,1502
2196,191,23,0,2101
2196,134,23,3,1903
2196,135,39,0,0903
2196,136,23,0,1601
2196,137,23,1,0603
2196,181,52,0,0101
2196,143,36,0,2102
2196,144,23,0,1802
2196,182,52,0,0403
2196,146,22,0,1902
2196,149,19,0,1702
2196,151,39,0,0601
2196,199,23,1,2103
2196,160,51,0,0103
2196,167,23,0,1703
2196,183,52,0,0102
2196,186,39,0,1302
2196,175,11,0,2203
2203,177,23,0,0203
2203,2,23,3,0602
2203,3,23,0,1202
2203,195,23,0,0503
2203,187,23,0,2301
2203,10,23,0,1001
2203,11,30,0,1801
2203,15,23,0,0301
2203,178,49,0,2401
2203,179,52,0,0501
2203,21,23,3,1401
2203,194,54,3,0401
2203,28,12,3,0302
2203,30,23,0,2402
2203,184,39,0,1301
2203,39,25,0,1501
2203,42,52,0,0801
2203,43,23,0,0901
2203,192,20,0,1101
2203,46,39,0,2302
2203,188,23,0,0502
2203,50,23,0,1002
2203,196,23,0,1303
2203,56,53,0,1701
2203,58,23,0,1503
2203,61,23,0,1602
2203,197,23,0,2002
2203,185,39,0,1003
2203,63,56,0,1402
2203,68,23,0,1803
2203,198,23,0,0702
2203,72,23,0,0802
2203,76,23,0,1403
2203,78,11,3,2201
2203,83,23,0,0803
2203,84,23,0,2003
2203,88,23,3,0201
2203,91,17,0,0202
2203,193,20,0,1102
2203,200,55,0,0701
2203,96,23,0,1203
2203,99,39,0,1103
2203,103,39,0,2001
2203,180,52,0,0402
2203,107,23,0,0902
2203,110,8,3,1201
2203,202,23,0,0303
2203,189,23,0,2303
2203,117,47,3,2202
2203,122,22,0,1901
2203,125,48,3,1603
2203,190,23,0,2403
2203,201,23,0,0703
2203,132,25,3,1502
2203,191,23,0,2101
2203,134,23,3,1903
2203,135,39,0,0903
2203,136,23,0,1601
2203,137,23,1,0603
2203,181,52,0,0101
2203,143,36,0,2102
2203,144,23,0,1802
2203,182,52,0,0403
2203,146,22,3,1902
2203,149,19,0,1702
2203,151,39,0,0601
2203,199,23,0,2103
2203,160,51,0,0103
2203,167,23,0,1703
2203,183,52,0,0102
2203,186,39,0,1302
2203,175,11,3,2203
2212,177,23,0,0203
2212,2,23,3,0602
2212,3,23,0,1202
2212,195,23,0,0503
2212,187,23,0,2301
2212,10,23,0,1001
2212,11,30,0,1801
2212,15,23,0,0301
2212,178,49,3,2401
2212,179,52,0,0501
2212,21,23,3,1401
2212,194,54,3,0401
2212,28,12,3,0302
2212,30,23,0,2402
2212,184,39,0,1301
2212,39,25,0,1501
2212,42,52,0,0801
2212,43,23,0,0901
2212,192,20,0,1101
2212,46,39,0,2302
2212,188,23,0,0502
2212,50,23,0,1002
2212,196,23,0,1303
2212,56,53,0,1701
2212,58,23,0,1503
2212,61,23,0,1602
2212,197,23,0,2002
2212,185,39,0,1003
2212,63,56,0,1402
2212,68,23,0,1803
2212,198,23,0,0702
2212,72,23,0,0802
2212,76,23,3,1403
2212,78,11,3,2201
2212,83,23,0,0803
2212,84,23,0,2003
2212,88,23,0,0201
2212,91,17,3,0202
2212,193,20,0,1102
2212,200,55,0,0701
2212,96,23,0,1203
2212,99,39,0,1103
2212,103,39,0,2001
2212,180,52,0,0402
2212,107,23,0,0902
2212,110,8,3,1201
2212,202,23,0,0303
2212,189,23,0,2303
2212,117,47,3,2202
2212,122,22,0,1901
2212,125,48,3,1603
2212,190,23,0,2403
2212,201,23,0,0703
2212,132,25,3,1502
2212,191,23,0,2101
2212,134,23,3,1903
2212,135,39,3,0903
2212,136,23,0,1601
2212,137,23,0,0603
2212,181,52,0,0101
2212,143,36,3,2102
2212,144,23,0,1802
2212,182,52,0,0403
2212,146,22,3,1902
2212,149,19,0,1702
2212,151,39,0,0601
2212,199,23,0,2103
2212,160,51,0,0103
2212,167,23,0,1703
2212,183,52,3,0102
2212,186,39,0,1302
2212,175,11,3,2203
2215,177,23,0,0203
2215,2,23,0,0602
2215,3,23,0,1202
2215,195,23,1,0503
2215,187,23,0,2301
2215,10,23,0,1001
2215,11,30,3,1801
2215,15,23,3,0301
2215,178,49,0,2401
2215,179,52,0,0501
2215,21,23,0,1401
2215,194,54,0,0401
2215,28,12,0,0302
2215,30,23,0,2402
2215,184,39,0,1301
2215,39,25,1,1501
2215,42,52,0,0801
2215,43,23,0,0901
2215,192,20,0,1101
2215,46,39,0,2302
2215,188,23,0,0502
2215,50,23,0,1002
2215,196,23,1,1303
2215,56,53,3,1701
2215,58,23,1,1503
2215,61,23,3,1602
2215,197,23,1,2002
2215,185,39,3,1003
2215,63,56,0,1402
2215,68,23,0,1803
2215,198,23,1,0702
2215,72,23,3,0802
2215,76,23,0,1403
2215,78,11,0,2201
2215,83,23,0,0803
2215,84,23,1,2003
2215,88,23,0,0201
2215,91,17,1,0202
2215,193,20,0,1102
2215,200,55,0,0701
2215,96,23,0,1203
2215,99,39,0,1103
2215,103,39,0,2001
2215,180,52,0,0402
2215,107,23,0,0902
2215,110,8,3,1201
2215,202,23,0,0303
2215,189,23,0,2303
2215,117,47,0,2202
2215,122,22,1,1901
2215,125,48,1,1603
2215,190,23,0,2403
2215,201,23,0,0703
2215,132,25,0,1502
2215,191,23,0,2101
2215,134,23,3,1903
2215,135,39,0,0903
2215,136,23,0,1601
2215,137,23,1,0603
2215,181,52,0,0101
2215,143,36,0,2102
2215,144,23,0,1802
2215,182,52,0,0403
2215,146,22,3,1902
2215,149,19,0,1702
2215,151,39,3,0601
2215,199,23,1,2103
2215,160,51,1,0103
2215,167,23,0,1703
2215,183,52,0,0102
2215,186,39,0,1302
2215,175,11,3,2203
2231,177,23,0,203
2231,2,23,0,602
2231,3,23,0,1202
2231,195,23,3,503
2231,187,23,0,2301
2231,10,23,0,1001
2231,11,30,0,1801
2231,15,23,0,301
2231,178,49,0,2401
2231,179,52,0,501
2231,21,23,0,1401
2231,194,54,0,401
2231,28,12,0,302
2231,30,23,0,2402
2231,184,39,0,1301
2231,39,25,3,1501
2231,42,52,0,801
2231,43,23,0,901
2231,192,20,0,1101
2231,46,39,3,2302
2231,188,23,0,502
2231,50,23,0,1002
2231,196,23,0,1303
2231,56,53,0,1701
2231,58,23,0,1503
2231,61,23,0,1602
2231,197,23,0,2002
2231,185,39,0,1003
2231,63,56,0,1402
2231,68,23,0,1803
2231,198,23,0,702
2231,72,23,0,802
2231,76,23,0,1403
2231,78,11,0,2201
2231,83,23,0,803
2231,84,23,0,2003
2231,88,23,0,201
2231,91,17,0,202
2231,193,20,0,1102
2231,200,55,0,701
2231,96,23,0,1203
2231,99,39,0,1103
2231,103,39,0,2001
2231,180,52,0,402
2231,107,23,0,902
2231,110,8,0,1201
2231,202,23,0,303
2231,189,23,0,2303
2231,117,47,0,2202
2231,122,22,0,1901
2231,125,48,0,1603
2231,190,23,3,2403
2231,201,23,0,703
2231,132,25,0,1502
2231,191,23,0,2101
2231,134,23,0,1903
2231,135,39,0,903
2231,136,23,0,1601
2231,137,23,0,603
2231,181,52,0,101
2231,143,36,0,2102
2231,144,23,0,1802
2231,182,52,0,403
2231,146,22,0,1902
2231,149,19,3,1702
2231,151,39,3,601
2231,199,23,0,2103
2231,160,51,3,103
2231,167,23,0,1703
2231,183,52,0,102
2231,186,39,3,1302
2231,175,11,3,2203
2236,177,23,0,0203
2236,2,23,0,0602
2236,3,23,3,1202
2236,195,23,1,0503
2236,187,23,0,2301
2236,10,23,0,1001
2236,11,30,3,1801
2236,15,23,0,0301
2236,178,49,3,2401
2236,179,52,0,0501
2236,21,23,3,1401
2236,194,54,3,0401
2236,28,12,0,0302
2236,30,23,0,2402
2236,184,39,0,1301
2236,39,25,0,1501
2236,42,52,0,0801
2236,43,23,3,0901
2236,192,20,1,1101
2236,46,39,0,2302
2236,188,23,0,0502
2236,50,23,1,1002
2236,196,23,3,1303
2236,56,53,0,1701
2236,58,23,3,1503
2236,61,23,0,1602
2236,197,23,1,2002
2236,185,39,0,1003
2236,63,56,1,1402
2236,68,23,3,1803
2236,198,23,1,0702
2236,72,23,0,0802
2236,76,23,3,1403
2236,78,11,0,2201
2236,83,23,0,0803
2236,84,23,1,2003
2236,88,23,0,0201
2236,91,17,0,0202
2236,193,20,0,1102
2236,200,55,0,0701
2236,96,23,0,1203
2236,99,39,0,1103
2236,103,39,0,2001
2236,180,52,3,0402
2236,107,23,0,0902
2236,110,8,3,1201
2236,202,23,0,0303
2236,189,23,0,2303
2236,117,47,0,2202
2236,122,22,0,1901
2236,125,48,0,1603
2236,190,23,0,2403
2236,201,23,0,0703
2236,132,25,0,1502
2236,191,23,0,2101
2236,134,23,0,1903
2236,135,39,0,0903
2236,136,23,0,1601
2236,137,23,1,0603
2236,181,52,0,0101
2236,143,36,3,2102
2236,144,23,1,1802
2236,182,52,0,0403
2236,146,22,3,1902
2236,149,19,0,1702
2236,151,39,3,0601
2236,199,23,1,2103
2236,160,51,3,0103
2236,167,23,0,1703
2236,183,52,0,0102
2236,186,39,0,1302
2236,175,11,0,2203
2257,177,23,0,0203
2257,2,23,0,0602
2257,3,23,0,1202
2257,195,23,2,0503
2257,187,23,3,2301
2257,10,23,0,1001
2257,11,30,0,1801
2257,15,23,0,0301
2257,178,49,0,2401
2257,179,52,0,0501
2257,21,23,3,1401
2257,194,54,0,0401
2257,28,12,0,0302
2257,30,23,0,2402
2257,184,39,0,1301
2257,39,25,3,1501
2257,42,52,3,0801
2257,43,23,0,0901
2257,192,20,0,1101
2257,46,39,0,2302
2257,188,23,0,0502
2257,50,23,0,1002
2257,196,23,2,1303
2257,56,53,3,1701
2257,58,23,0,1503
2257,61,23,0,1602
2257,197,23,2,2002
2257,185,39,0,1003
2257,63,56,0,1402
2257,68,23,3,1803
2257,198,23,0,0702
2257,72,23,0,0802
2257,76,23,3,1403
2257,78,11,0,2201
2257,83,23,0,0803
2257,84,23,3,2003
2257,88,23,3,0201
2257,91,17,0,0202
2257,193,20,3,1102
2257,200,55,0,0701
2257,96,23,0,1203
2257,99,39,0,1103
2257,103,39,3,2001
2257,180,52,3,0402
2257,107,23,1,0902
2257,110,8,3,1201
2257,202,23,0,0303
2257,189,23,0,2303
2257,117,47,0,2202
2257,122,22,0,1901
2257,125,48,0,1603
2257,190,23,0,2403
2257,201,23,0,0703
2257,132,25,3,1502
2257,191,23,0,2101
2257,134,23,0,1903
2257,135,39,0,0903
2257,136,23,0,1601
2257,137,23,0,0603
2257,181,52,0,0101
2257,143,36,3,2102
2257,144,23,0,1802
2257,182,52,3,0403
2257,146,22,0,1902
2257,149,19,0,1702
2257,151,39,3,0601
2257,199,23,2,2103
2257,160,51,0,0103
2257,167,23,0,1703
2257,183,52,0,0102
2257,186,39,3,1302
2257,175,11,3,2203
2262,177,23,0,0203
2262,2,23,0,0602
2262,3,23,0,1202
2262,195,23,1,0503
2262,187,23,0,2301
2262,10,23,0,1001
2262,11,30,0,1801
2262,15,23,0,0301
2262,178,49,0,2401
2262,179,52,0,0501
2262,21,23,0,1401
2262,194,54,0,0401
2262,28,12,0,0302
2262,30,23,0,2402
2262,184,39,0,1301
2262,39,25,0,1501
2262,42,52,0,0801
2262,43,23,0,0901
2262,192,20,0,1101
2262,46,39,0,2302
2262,188,23,3,0502
2262,50,23,0,1002
2262,196,23,1,1303
2262,56,53,0,1701
2262,58,23,0,1503
2262,61,23,0,1602
2262,197,23,1,2002
2262,185,39,0,1003
2262,63,56,0,1402
2262,68,23,0,1803
2262,198,23,1,0702
2262,72,23,0,0802
2262,76,23,0,1403
2262,78,11,0,2201
2262,83,23,0,0803
2262,84,23,1,2003
2262,88,23,3,0201
2262,91,17,0,0202
2262,193,20,0,1102
2262,200,55,0,0701
2262,96,23,0,1203
2262,99,39,0,1103
2262,103,39,0,2001
2262,180,52,0,0402
2262,107,23,0,0902
2262,110,8,3,1201
2262,202,23,0,0303
2262,189,23,0,2303
2262,117,47,0,2202
2262,122,22,0,1901
2262,125,48,0,1603
2262,190,23,0,2403
2262,201,23,0,0703
2262,132,25,0,1502
2262,191,23,0,2101
2262,134,23,0,1903
2262,135,39,0,0903
2262,136,23,0,1601
2262,137,23,1,0603
2262,181,52,0,0101
2262,143,36,3,2102
2262,144,23,0,1802
2262,182,52,0,0403
2262,146,22,0,1902
2262,149,19,0,1702
2262,151,39,3,0601
2262,199,23,1,2103
2262,160,51,1,0103
2262,167,23,0,1703
2262,183,52,0,0102
2262,186,39,0,1302
2262,175,11,0,2203
2321,177,23,0,0203
2321,2,23,0,0602
2321,3,23,2,1202
2321,195,23,2,0503
2321,187,23,0,2301
2321,10,23,0,1001
2321,11,30,0,1801
2321,15,23,0,0301
2321,178,49,0,2401
2321,179,52,0,0501
2321,21,23,0,1401
2321,194,54,0,0401
2321,28,12,0,0302
2321,30,23,0,2402
2321,184,39,0,1301
2321,39,25,0,1501
2321,42,52,0,0801
2321,43,23,0,0901
2321,192,20,0,1101
2321,46,39,0,2302
2321,188,23,0,0502
2321,50,23,2,1002
2321,196,23,2,1303
2321,56,53,0,1701
2321,58,23,2,1503
2321,61,23,0,1602
2321,197,23,2,2002
2321,185,39,0,1003
2321,63,56,0,1402
2321,68,23,1,1803
2321,198,23,2,0702
2321,72,23,0,0802
2321,76,23,0,1403
2321,78,11,0,2201
2321,83,23,0,0803
2321,84,23,2,2003
2321,88,23,0,0201
2321,91,17,0,0202
2321,193,20,0,1102
2321,200,55,0,0701
2321,96,23,3,1203
2321,99,39,0,1103
2321,103,39,0,2001
2321,180,52,0,0402
2321,107,23,0,0902
2321,110,8,0,1201
2321,202,23,0,0303
2321,189,23,0,2303
2321,117,47,0,2202
2321,122,22,2,1901
2321,125,48,0,1603
2321,190,23,0,2403
2321,201,23,0,0703
2321,132,25,0,1502
2321,191,23,0,2101
2321,134,23,1,1903
2321,135,39,0,0903
2321,136,23,0,1601
2321,137,23,2,0603
2321,181,52,0,0101
2321,143,36,3,2102
2321,144,23,0,1802
2321,182,52,0,0403
2321,146,22,2,1902
2321,149,19,0,1702
2321,151,39,0,0601
2321,199,23,2,2103
2321,160,51,0,0103
2321,167,23,0,1703
2321,183,52,0,0102
2321,186,39,0,1302
2321,175,11,0,2203
2326,177,23,0,0203
2326,2,23,0,0602
2326,3,23,0,1202
2326,195,23,3,0503
2326,187,23,0,2301
2326,10,23,0,1001
2326,11,30,0,1801
2326,15,23,3,0301
2326,178,49,0,2401
2326,179,52,0,0501
2326,21,23,3,1401
2326,194,54,0,0401
2326,28,12,0,0302
2326,30,23,0,2402
2326,184,39,0,1301
2326,39,25,3,1501
2326,42,52,0,0801
2326,43,23,0,0901
2326,192,20,0,1101
2326,46,39,0,2302
2326,188,23,0,0502
2326,50,23,3,1002
2326,196,23,3,1303
2326,56,53,0,1701
2326,58,23,3,1503
2326,61,23,3,1602
2326,197,23,3,2002
2326,185,39,3,1003
2326,63,56,3,1402
2326,68,23,0,1803
2326,198,23,0,0702
2326,72,23,0,0802
2326,76,23,0,1403
2326,78,11,0,2201
2326,83,23,0,0803
2326,84,23,3,2003
2326,88,23,0,0201
2326,91,17,1,0202
2326,193,20,0,1102
2326,200,55,0,0701
2326,96,23,3,1203
2326,99,39,0,1103
2326,103,39,0,2001
2326,180,52,0,0402
2326,107,23,0,0902
2326,110,8,3,1201
2326,202,23,0,0303
2326,189,23,0,2303
2326,117,47,0,2202
2326,122,22,0,1901
2326,125,48,2,1603
2326,190,23,0,2403
2326,201,23,0,0703
2326,132,25,0,1502
2326,191,23,0,2101
2326,134,23,3,1903
2326,135,39,0,0903
2326,136,23,0,1601
2326,137,23,3,0603
2326,181,52,0,0101
2326,143,36,3,2102
2326,144,23,3,1802
2326,182,52,0,0403
2326,146,22,3,1902
2326,149,19,0,1702
2326,151,39,0,0601
2326,199,23,3,2103
2326,160,51,1,0103
2326,167,23,0,1703
2326,183,52,0,0102
2326,186,39,0,1302
2326,175,11,3,2203
2341,177,23,0,0203
2341,2,23,0,0602
2341,3,23,0,1202
2341,195,23,0,0503
2341,187,23,3,2301
2341,10,23,0,1001
2341,11,30,0,1801
2341,15,23,0,0301
2341,178,49,0,2401
2341,179,52,0,0501
2341,21,23,0,1401
2341,194,54,3,0401
2341,28,12,0,0302
2341,30,23,0,2402
2341,184,39,0,1301
2341,39,25,3,1501
2341,42,52,0,0801
2341,192,20,0,1101
2341,46,39,0,2302
2341,188,23,0,0502
2341,50,23,0,1002
2341,196,23,0,1303
2341,56,53,0,1701
2341,58,23,3,1503
2341,61,23,0,1602
2341,197,23,0,2002
2341,185,39,0,1003
2341,63,56,3,1402
2341,68,23,0,1803
2341,198,23,0,0702
2341,72,23,0,0802
2341,76,23,0,1403
2341,78,11,0,2201
2341,83,23,0,0803
2341,84,23,0,2003
2341,88,23,0,0201
2341,91,17,0,0202
2341,193,20,0,1102
2341,200,55,0,0701
2341,96,23,0,1203
2341,99,39,0,1103
2341,103,39,0,2001
2341,180,52,3,0402
2341,107,23,0,0902
2341,110,8,3,1201
2341,202,23,3,0303
2341,189,23,0,2303
2341,117,47,0,2202
2341,122,22,0,1901
2341,125,48,0,1603
2341,190,23,0,2403
2341,201,23,0,0703
2341,132,25,0,1502
2341,191,23,0,2101
2341,134,23,0,1903
2341,135,39,0,0903
2341,136,23,0,1601
2341,137,23,3,0603
2341,181,52,0,0101
2341,143,36,3,2102
2341,144,23,3,1802
2341,182,52,0,0403
2341,146,22,3,1902
2341,149,19,0,1702
2341,151,39,0,0601
2341,199,23,0,2103
2341,160,51,0,0103
2341,167,23,0,1703
2341,183,52,0,0102
2341,186,39,0,1302
2341,175,11,3,2203
2341,203,26,3,0901
2345,177,23,0,0203
2345,2,23,0,0602
2345,3,23,3,1202
2345,195,23,1,0503
2345,187,23,3,2301
2345,10,23,0,1001
2345,11,30,0,1801
2345,15,23,3,0301
2345,178,49,0,2401
2345,179,52,0,0501
2345,21,23,0,1401
2345,194,54,3,0401
2345,28,12,0,0302
2345,30,23,0,2402
2345,184,39,0,1301
2345,39,25,0,1501
2345,42,52,0,0801
2345,192,20,0,1101
2345,46,39,0,2302
2345,188,23,0,0502
2345,50,23,3,1002
2345,196,23,1,1303
2345,56,53,0,1701
2345,58,23,1,1503
2345,61,23,0,1602
2345,197,23,1,2002
2345,185,39,3,1003
2345,63,56,3,1402
2345,68,23,0,1803
2345,204,23,0,0901
2345,198,23,1,0702
2345,72,23,0,0802
2345,76,23,3,1403
2345,78,11,0,2201
2345,83,23,0,0803
2345,84,23,1,2003
2345,88,23,0,0201
2345,91,17,3,0202
2345,193,20,0,1102
2345,200,55,0,0701
2345,96,23,0,1203
2345,99,39,0,1103
2345,103,39,0,2001
2345,180,52,0,0402
2345,107,23,0,0902
2345,110,8,3,1201
2345,202,23,0,0303
2345,189,23,0,2303
2345,117,47,0,2202
2345,122,22,3,1901
2345,125,48,0,1603
2345,190,23,0,2403
2345,201,23,0,0703
2345,132,25,3,1502
2345,191,23,0,2101
2345,134,23,0,1903
2345,135,39,0,0903
2345,136,23,0,1601
2345,137,23,1,0603
2345,181,52,3,0101
2345,143,36,3,2102
2345,144,23,0,1802
2345,182,52,0,0403
2345,146,22,0,1902
2345,149,19,0,1702
2345,151,39,0,0601
2345,199,23,1,2103
2345,160,51,2,0103
2345,167,23,0,1703
2345,183,52,3,0102
2345,186,39,0,1302
2345,175,11,0,2203
2347,177,23,0,0203
2347,2,23,0,0602
2347,3,23,0,1202
2347,195,23,0,0503
2347,187,23,3,2301
2347,10,23,0,1001
2347,11,30,0,1801
2347,15,23,3,0301
2347,178,49,0,2401
2347,179,52,0,0501
2347,21,23,0,1401
2347,194,54,3,0401
2347,28,12,3,0302
2347,30,23,0,2402
2347,184,39,0,1301
2347,39,25,0,1501
2347,42,52,0,0801
2347,192,20,0,1101
2347,46,39,0,2302
2347,188,23,3,0502
2347,50,23,3,1002
2347,196,23,0,1303
2347,56,53,0,1701
2347,58,23,0,1503
2347,61,23,0,1602
2347,197,23,0,2002
2347,185,39,3,1003
2347,63,56,3,1402
2347,68,23,0,1803
2347,204,23,0,0901
2347,198,23,0,0702
2347,72,23,0,0802
2347,76,23,3,1403
2347,78,11,3,2201
2347,83,23,0,0803
2347,84,23,0,2003
2347,88,23,3,0201
2347,91,17,3,0202
2347,193,20,0,1102
2347,200,55,0,0701
2347,96,23,0,1203
2347,99,39,0,1103
2347,103,39,0,2001
2347,180,52,0,0402
2347,107,23,0,0902
2347,110,8,3,1201
2347,202,23,0,0303
2347,189,23,0,2303
2347,117,47,0,2202
2347,122,22,3,1901
2347,125,48,0,1603
2347,190,23,0,2403
2347,201,23,0,0703
2347,132,25,3,1502
2347,191,23,0,2101
2347,134,23,0,1903
2347,135,39,0,0903
2347,136,23,0,1601
2347,137,23,0,0603
2347,181,52,3,0101
2347,143,36,3,2102
2347,144,23,0,1802
2347,182,52,0,0403
2347,146,22,3,1902
2347,149,19,0,1702
2347,151,39,3,0601
2347,199,23,0,2103
2347,160,51,0,0103
2347,167,23,0,1703
2347,183,52,3,0102
2347,186,39,0,1302
2347,175,11,0,2203
2348,177,23,0,0203
2348,2,23,0,0602
2348,3,23,0,1202
2348,195,23,0,0503
2348,187,23,0,2301
2348,10,23,0,1001
2348,11,30,0,1801
2348,15,23,3,0301
2348,178,49,3,2401
2348,179,52,0,0501
2348,21,23,3,1401
2348,194,54,0,0401
2348,28,12,0,0302
2348,30,23,0,2402
2348,184,39,0,1301
2348,39,25,0,1501
2348,42,52,0,0801
2348,192,20,0,1101
2348,46,39,0,2302
2348,188,23,0,0502
2348,50,23,0,1002
2348,196,23,0,1303
2348,56,53,0,1701
2348,58,23,3,1503
2348,61,23,3,1602
2348,197,23,0,2002
2348,185,39,3,1003
2348,63,56,0,1402
2348,68,23,0,1803
2348,204,23,0,0901
2348,198,23,0,0702
2348,72,23,0,0802
2348,76,23,0,1403
2348,78,11,3,2201
2348,83,23,0,0803
2348,84,23,0,2003
2348,88,23,0,0201
2348,91,17,0,0202
2348,193,20,0,1102
2348,200,55,0,0701
2348,96,23,0,1203
2348,99,39,0,1103
2348,103,39,0,2001
2348,180,52,0,0402
2348,107,23,3,0902
2348,110,8,3,1201
2348,202,23,0,0303
2348,189,23,0,2303
2348,117,47,0,2202
2348,122,22,0,1901
2348,125,48,0,1603
2348,190,23,3,2403
2348,201,23,3,0703
2348,132,25,0,1502
2348,191,23,0,2101
2348,134,23,0,1903
2348,135,39,0,0903
2348,136,23,0,1601
2348,137,23,3,0603
2348,181,52,0,0101
2348,143,36,3,2102
2348,144,23,0,1802
2348,182,52,0,0403
2348,146,22,3,1902
2348,149,19,3,1702
2348,151,39,0,0601
2348,199,23,0,2103
2348,160,51,0,0103
2348,167,23,3,1703
2348,183,52,0,0102
2348,186,39,0,1302
2348,175,11,0,2203
